image_file,image_type,prompt_name,prompt,response
Christmas (1).jpg,Christmas (1),Open Description,Describe this image in detail.,"[INST]  
Describe this image in detail. [/INST] This is a color photograph capturing two children, likely young girls based on their appearance and clothing, interacting with a Christmas tree. The child on the left appears to be slightly taller than her companion; she has blonde hair styled into waves, wears a Santa Claus hat adorned with white fur trim, and a red-and-white striped top reminiscent of a candy cane design. She's holding onto a branch of the tree and looking up at it with a smile. Her eyes are focused upward towards the decorations on the tree.

The child on the right, also wearing a Santa Claus hat but one that is solid red without any white fur trim, has curly light brown hair and is dressed in a green-and-white striped top similar to the first girl's. She seems to be reaching out or perhaps pulling down something from the tree as well. Both children appear joyful and engaged in the activity of"
Christmas (1).jpg,Christmas (1),What's Happening,What is happening in this image?,"[INST]  
What is happening in this image? [/INST] In the image, there are two young children decorating a Christmas tree. They appear to be reaching up towards an ornament on the tree, possibly trying to hang it or fix its placement among other festive decorations. The setting looks like a cozy and warm indoor environment during the holiday season, with lights twinkling around them and a fireplace visible behind them. Both kids are wearing Santa Claus hats, suggesting that they might have dressed up for the occasion. There's also a red truck ornament hanging from one of the branches, which adds to the festive atmosphere. "
Christmas (1).jpg,Christmas (1),About the People,Tell me about the people in this image.,"[INST]  
Tell me about the people in this image. [/INST] The image shows two children, a young girl and a toddler boy, standing together near a Christmas tree. They are both dressed in festive holiday attire; the girl is wearing what appears to be a red and white striped hat that resembles Santa Claus's cap, and the boy has on a green and white striped shirt with long sleeves. Both of them seem to be enjoying themselves as they decorate the Christmas tree. It looks like they might be playing with ornaments from the tree, perhaps hanging them up. Behind them, there's a warm glow coming from a fireplace, which adds to the cozy atmosphere typically associated with holiday celebrations. The scene conveys a sense of joy and anticipation often experienced during the Christmas season. "
Christmas (1).jpg,Christmas (1),Occasion/Event,What occasion or event is this?,"[INST]  
What occasion or event is this? [/INST] This appears to be a Christmas-themed photo with two individuals, possibly children, decorating a Christmas tree. The presence of Christmas lights and the festive attire suggests that it's taken during the holiday season when people typically celebrate by putting up trees, stringing lights, and exchanging gifts. It looks like they are having fun together, which might indicate a family gathering for the holidays. "
Christmas (1).jpg,Christmas (1),Cultural Context,What can you tell me about the cultural context of this scene?,"[INST]  
What can you tell me about the cultural context of this scene? [/INST] The image depicts two children, presumably a boy and girl based on their clothing and hairstyles, decorating a Christmas tree. They are standing in front of a fireplace with stockings hanging from it, which is typical for holiday celebrations. The child wearing red and white striped pajamas suggests they might be dressed as Buddy the Elf, a popular character from the film ""Elf,"" indicating that this could be a family-friendly themed celebration.

The decorations on the tree include traditional Christmas ornaments such as tinsel, lights, bows, and possibly baubles, all contributing to the festive atmosphere. The presence of a fireplace also implies warmth and comfort during the colder months when families often gather around fires to enjoy each other's company.

In terms of cultural context, this scene represents the tradition of setting up a Christmas tree at home, which is practiced by many people around the world, particularly those"
Christmas (1).jpg,Christmas (1),Assumptions,"Based on this image, what can you infer about the people's lives, values, or traditions?","[INST]  
Based on this image, what can you infer about the people's lives, values, or traditions? [/INST] In the image, we see two individuals, likely a parent and child, engaged in decorating a Christmas tree. The presence of lights, baubles, stars, and other festive elements suggest that they are celebrating the holiday season with traditional decorations commonly associated with Christmas. Their actions indicate an appreciation for family time during this period and possibly the enjoyment of creating a warm and inviting atmosphere within their home.

Their choice to wear matching pajamas implies that they might have a tradition where dressing up similarly is part of their celebration, which could symbolize unity and togetherness as a family unit. Additionally, it may be indicative of spending quality time at home during the holidays rather than attending large public events due to concerns related to health or personal preference.

Overall, the image conveys a sense of familial bonding, cherishing traditions, and embracing the spirit of the holiday season by focusing on intimate moments shared between loved ones. It reflects"
Christmas.jpg,Christmas,Open Description,Describe this image in detail.,"[INST]  
Describe this image in detail. [/INST] In the heart of a cozy room, two children are immersed in the joyous tradition of decorating a Christmas tree. The child on the left, donned in a vibrant red and white striped pajamas, is holding an ornament with a playful pink reindeer head. Their eyes sparkle as they admire their handiwork. On the right, another child dressed in festive green and red striped pajamas mirrors the delight. They too hold an ornament, this time featuring a charming snowman design.

The tree itself is adorned with various ornaments that add to its holiday charm. Red poinsettias bloom alongside glittering gold stars, creating a mesmerizing display against the backdrop of twinkling lights. A warm fire dances merrily in the background, casting a soft glow throughout the scene. This magical moment encapsulates the essence of Christmas - love, warmth"
Christmas.jpg,Christmas,What's Happening,What is happening in this image?,"[INST]  
What is happening in this image? [/INST] In the image, there are two children standing by a Christmas tree that's adorned with lights and various decorations. The child on the left appears to be holding onto the tree while looking at it closely, perhaps admiring the ornaments or preparing to put one up higher. The child on the right seems to be reaching for an ornament as well, possibly helping with the decoration process. They both appear to be enjoying their time near the festively lit tree. "
Christmas.jpg,Christmas,About the People,Tell me about the people in this image.,"[INST]  
Tell me about the people in this image. [/INST] In the image, there are two individuals who appear to be children standing in front of a Christmas tree adorned with decorations such as ornaments and lights. The child on the left is wearing what looks like an elf costume with green striped pants, a red hat with white trim, and a matching red jacket, suggesting they might be dressed up for a holiday event. The other child, on the right, is also wearing festive attire; their outfit consists of a red and green striped shirt paired with blue jeans. Both children seem to be engaged in activities related to preparing or decorating the Christmas tree, as indicated by their actions and expressions. They both have smiles on their faces, indicating that they are enjoying themselves during this festive season. The setting appears to be indoors, possibly near a fireplace given the warm ambiance and presence of a lit hearth in the background. Overall, it's a joyful scene capturing the spirit of holiday"
Christmas.jpg,Christmas,Occasion/Event,What occasion or event is this?,"[INST]  
What occasion or event is this? [/INST] This appears to be a festive Christmas scene. The image shows two children, likely girls, dressed in holiday-themed clothing—one wearing what looks like a Santa hat and the other in striped pajamas which could suggest they are preparing for bed on Christmas Eve, a common tradition in many cultures where children put out their shoes for Santa Claus to fill with gifts. They seem to be enjoying decorating the Christmas tree together, which is often a family activity during the holiday season. The lights and ornaments give off the warm, cozy atmosphere typically associated with Christmas celebrations. "
Christmas.jpg,Christmas,Cultural Context,What can you tell me about the cultural context of this scene?,"[INST]  
What can you tell me about the cultural context of this scene? [/INST] The image depicts two children, a girl and a boy, decorating a Christmas tree. They are both wearing Santa Claus hats, which suggests that they might be participating in holiday traditions associated with Christmas celebrations. Here are some observations on the cultural context:

1. **Santa Hats**: The use of Santa Claus hats indicates that this is likely a Christian household or community celebrating Christmas. Santa Claus, also known as Saint Nicholas, is a central figure in many Western countries' Christmas festivities. His role varies depending on regional customs but often includes bringing gifts to children around the world.

2. **Christmas Tree Decoration**: Decorating a Christmas tree is a traditional activity during the holiday season for many people who celebrate Christmas. It involves adorning an evergreen tree with lights, ornaments, and other decorative items like tinsel. This practice has its roots in pagan rituals celebrated by various European cultures"
Christmas.jpg,Christmas,Assumptions,"Based on this image, what can you infer about the people's lives, values, or traditions?","[INST]  
Based on this image, what can you infer about the people's lives, values, or traditions? [/INST] In the image, we see two individuals, possibly children and an adult, engaged in decorating a Christmas tree. The presence of traditional Christmas decorations such as lights, tinsel, baubles, stars, and other festive items suggests that they are participating in holiday celebrations with a focus on family time and shared experiences. This activity is often associated with bonding and creating cherished memories during the holiday season.

The person wearing red and white striped pajamas may be suggesting a playful and casual atmosphere within their household, where everyone is encouraged to dress comfortably while engaging in holiday activities. The overall mood of the photo appears joyous and warm, which might indicate that these individuals value spending quality time together during the holidays and enjoy maintaining familial customs and traditions.

Without more context, it is difficult to make broader assumptions about the people's lives, values, or cultural background, but based solely on this snapshot of their celebration, one could infer"
Holi (1).jpg,Holi (1),Open Description,Describe this image in detail.,"[INST]  
Describe this image in detail. [/INST] The image captures a vibrant and lively scene of the Holi festival, also known as the Festival of Colors. A large crowd of people is seen standing on what appears to be a beach or similar open space. They are all actively participating in the celebration by throwing colored powder at each other. The colors range from bright pinks to vivid blues, creating a beautiful and chaotic spectacle against the backdrop of the clear sky. Some individuals can be spotted wearing colorful attire that matches the festive atmosphere. In the distance, there's an array of structures with pointed tops, possibly part of the event setup or decorations. There's no visible text within the image. The overall mood conveyed through the image is one of joy, community spirit, and cultural richness. "
Holi (1).jpg,Holi (1),What's Happening,What is happening in this image?,"[INST]  
What is happening in this image? [/INST] The image shows a lively scene of people participating in a colorful festival or event, such as the Holi Festival. They are throwing and being covered with brightly colored powders at an outdoor location under what appears to be partly cloudy skies. This type of activity is often associated with joyous celebrations and cultural events where participants engage in playful activities involving vibrant colors. "
Holi (1).jpg,Holi (1),About the People,Tell me about the people in this image.,"[INST]  
Tell me about the people in this image. [/INST] The image shows a vibrant and colorful scene, likely taken at a festival or celebration known as Holi, which is widely celebrated in India. It's evident from the multitude of colors being thrown around that it's an event where participants engage in throwing colored powder at each other to mark the occasion. The crowd consists of individuals who appear to be enjoying themselves immensely; their expressions are joyous, with smiles on their faces as they participate in the festivities.

The colors vary from bright yellows to deep blues and pinks, creating a visually striking contrast against the skin tones of the people. Some individuals are holding onto items like bottles (possibly containing water or juice) and handbags, suggesting they might have brought refreshments for the day.

There's no text visible in the image, but based on the context provided by the attire and the use of colored powders, it can be concluded that this is"
Holi (1).jpg,Holi (1),Occasion/Event,What occasion or event is this?,"[INST]  
What occasion or event is this? [/INST] This image depicts a crowd of people celebrating with colorful powder, commonly known as ""holi"" in India. Holi is celebrated primarily in the Indian state of Uttar Pradesh and is considered one of the most significant festivals of Hinduism. It is also popularly observed across many other regions of India, Nepal, Pakistan, and Sri Lanka. The festival marks the arrival of spring, commemorates the victory of good over evil, and signifies the end of winter. People participate by throwing colored powders at each other, which symbolizes happiness, love, and forgiveness. "
Holi (1).jpg,Holi (1),Cultural Context,What can you tell me about the cultural context of this scene?,"[INST]  
What can you tell me about the cultural context of this scene? [/INST] This image depicts a celebration involving people throwing and being covered in colorful powder. The event appears to be a festival or carnival, where such activities are common for various reasons, including entertainment, cultural expression, religious celebrations, or simply as a means for social interaction.

The vibrant colors and joyous atmosphere suggest that it is likely a festive occasion with traditional significance. However, without specific details on the location, time of year, or any visible symbols or attire that might identify the exact cultural context, I am unable to provide a definitive explanation of its meaning within a particular culture.

Celebrations like these are often associated with events such as Holi (Hindu spring festival), La Tomatina (Spanish tomato-throwing festival), or other similar annual events around the world. These types of festivals typically involve community bonding, fun, and a sense of liberation from daily routine through playful chaos. Particip"
Holi (1).jpg,Holi (1),Assumptions,"Based on this image, what can you infer about the people's lives, values, or traditions?","[INST]  
Based on this image, what can you infer about the people's lives, values, or traditions? [/INST] The image depicts a vibrant scene with a large crowd of people celebrating an event by throwing colored powders at each other. This activity suggests that there is a cultural tradition being observed, possibly during a festival like Holi in India or another similar celebration worldwide. Such events often involve community bonding and are seen as occasions to let loose, express joy, and embrace colorful creativity.

The fact that so many people have gathered for this occasion indicates that it holds significance within their culture or social group. It could be a way to bring together family members, friends, and even strangers who come together to enjoy the festivities.

From this image alone, we cannot determine specific life circumstances, personal beliefs, or economic backgrounds of the individuals involved. However, the act of participating in such a communal activity implies a sense of shared identity and belonging among the participants. Moreover, it reflects the value they place on collective experiences and the importance of maintaining strong social bonds."
Holi.jpg,Holi,Open Description,Describe this image in detail.,"[INST]  
Describe this image in detail. [/INST] The image captures a vibrant scene of a festival, where the sky is filled with an array of colorful powder. People are standing on a street below, their arms raised high as they throw handfuls of these powders into the air. Some people have even managed to catch small pieces of confetti that are floating around them. Despite the chaos, there's a sense of joy and celebration in the air, as if everyone present is partaking in the festivities wholeheartedly. The colors in the image - pink, yellow, green, blue, and purple - blend together to create a mesmerizing spectacle. This is truly a moment frozen in time at such a lively event. "
Holi.jpg,Holi,What's Happening,What is happening in this image?,"[INST]  
What is happening in this image? [/INST] In the image, there appears to be a large crowd of people celebrating with colorful powder. The participants are throwing and being covered by the colored powders, which have been used for centuries during festivals such as Holi in India or other cultural events around the world where vibrant colors symbolize joy, celebration, and the victory of good over evil. It looks like an outdoor event filled with energy and happiness, with everyone fully engaged in the festivities. "
Holi.jpg,Holi,About the People,Tell me about the people in this image.,"[INST]  
Tell me about the people in this image. [/INST] The image shows a lively and vibrant scene of what appears to be a festival or celebration involving colorful powders, commonly known as ""colored powder throwing"" events such as Holi in India or La Tomatilla in Spain. People are actively participating by throwing colored powder at each other, creating an atmosphere of joy and festivity. It's a popular activity where participants often wear light-colored clothing to fully immerse themselves in the event without worrying about stains from the powder. The colors being thrown suggest that there might be different teams or groups represented by various colors. Everyone seems to be enjoying the moment and engaging with others around them. The sky is filled with more of these colorful powders, which adds to the overall visual impact and excitement of the occasion. "
Holi.jpg,Holi,Occasion/Event,What occasion or event is this?,"[INST]  
What occasion or event is this? [/INST] The image depicts a group of people participating in what appears to be a color festival, often associated with events like the Holi Festival (also known as the Festival of Colors) which is celebrated annually in India. This event involves throwing colored powders and water at each other for fun and to celebrate spring. It's important to note that such activities may also take place during various cultural festivals around the world where colors are used symbolically. "
Holi.jpg,Holi,Cultural Context,What can you tell me about the cultural context of this scene?,"[INST]  
What can you tell me about the cultural context of this scene? [/INST] The image depicts a festival or celebration where people are enjoying themselves in a vibrant and colorful environment. They appear to be participating in what looks like an Indian Holi Festival, also known as Phagwah, which is traditionally celebrated by Hindus across India and Nepal. It's a spring festival that marks the arrival of spring season and commemorates good harvest and the victory of good over evil.

Holi festivities include throwing colored powders (gulal) at each other, symbolizing joy and triumphing over wickedness. Participants often wear white clothing beforehand so their clothes get stained with the colors from the powder, enhancing the festive atmosphere. This ritual is accompanied by singing, dancing, and indulging in sweets and spices.

The presence of green cones suggests that there might be some traditional rituals taking place, such as lighting bonfires on the eve of Holi. These"
Holi.jpg,Holi,Assumptions,"Based on this image, what can you infer about the people's lives, values, or traditions?","[INST]  
Based on this image, what can you infer about the people's lives, values, or traditions? [/INST] The image shows a crowd of people participating in a colorful celebration with vibrant powders being thrown into the air. This event is likely associated with cultural or religious festivals that involve throwing colored powder at each other as part of their tradition. It could be an annual festival such as Holi (the Festival of Colors) celebrated in India and Nepal, which marks the transition from winter to spring and symbolizes joy, love, forgiveness, and the triumph of good over evil.

From the picture alone, it is difficult to determine the specific culture or location where this event takes place, but the shared activity suggests that these individuals value communal participation and enjoyment through playful activities like dancing in the rain of colors. The atmosphere appears lively, joyous, and community-oriented, indicating that the people involved cherish social connections and find meaning in collective experiences.

The fact that many are wearing bright clothing also highlights the importance of visual spectacle and aesthetic pleasure"
pk_couple (1).jpg,pk couple (1),Open Description,Describe this image in detail.,"[INST]  
Describe this image in detail. [/INST] In the center of a grand room, a man and woman stand together, their hands gently clasped as they pose for a photo. The man is dressed in traditional Indian attire, his black suit contrasting with the red turban perched on his head. A matching red vest adorns him, adding to the formal look. Complementing his outfit are gold embroidered shoes that shimmer subtly under the light.

Beside him stands the woman, her presence equally significant. She is clad in a vibrant maroon sari, its rich color complemented by intricate gold embroidery along the border. Her white dupatta drapes elegantly over her shoulder, completing her traditional ensemble.

They both wear beige makeup, their faces lit up with joyous smiles that reflect the warmth of their celebration. Their bodies lean slightly towards each other, suggesting an intimate connection between them.

The backdrop to this moment"
pk_couple (1).jpg,pk couple (1),What's Happening,What is happening in this image?,"[INST]  
What is happening in this image? [/INST] The image shows a man and woman, likely a couple celebrating their wedding. They are dressed in traditional South Asian attire; the man is wearing a sherwani with a turban, which suggests he may be of Sikh or Muslim faith, while the woman is wearing a bridal outfit known as a lehenga-sari, also commonly associated with South Asian weddings. They appear to be posing for photographs at what looks like an indoor venue decorated with flowers and lights, indicative of festive and formal occasions such as a wedding reception. Both individuals seem happy and are holding hands, signifying their union. "
pk_couple (1).jpg,pk couple (1),About the People,Tell me about the people in this image.,"[INST]  
Tell me about the people in this image. [/INST] In the image, there are two individuals who appear to be a couple dressed for an event or ceremony that seems to have a formal or traditional setting. The man is wearing what appears to be South Asian attire with intricate patterns and embroidery on his suit jacket and turban, suggesting he might be of Sikh heritage given the style of the turban. He has a beard and mustache, which are common grooming styles among some South Asian men.

The woman is also dressed traditionally, likely reflecting her cultural background as well. She wears a long-length dress known as a salwar kameez or lehenga, which features elaborate designs and embroidery on the bodice (choli), pallu (dupatta), and skirt or trousers (salwar). Her outfit includes jewelry such as earrings and possibly a headscarf or veil called a dupatta. Both individuals seem to be smiling and posing"
pk_couple (1).jpg,pk couple (1),Occasion/Event,What occasion or event is this?,"[INST]  
What occasion or event is this? [/INST] This image depicts a couple dressed in traditional South Asian attire, likely for an Indian wedding ceremony. The man is wearing a kurta-pajama (kurta and pajamas) with a matching headpiece known as a pagri, which could be a turban, a safa, or a dhoti pagri, depending on the regional style of the outfit. The woman is wearing a saree or lehenga, also adorned with jewelry that includes what appears to be a maang tikka and earrings, suggesting she may be wearing traditional bridal makeup. They are standing under decorative arches, indicating they might be at an outdoor venue during their celebrations. The setting suggests it's a joyous and festive occasion such as a pre-wedding photoshoot, engagement party, or possibly even part of the wedding itself. "
pk_couple (1).jpg,pk couple (1),Cultural Context,What can you tell me about the cultural context of this scene?,"[INST]  
What can you tell me about the cultural context of this scene? [/INST] This image depicts a couple dressed in traditional South Asian attire, likely indicating that they are attending or participating in an event such as a wedding ceremony. The man is wearing a turban and a sherwani (a long coat with embroidery), which suggests he might be from one of the many cultures where turbans hold significant importance, like Sikhism. His outfit also includes intricate embroidery on his shirt, which adds to its formal appearance.

The woman is adorned in what appears to be bridal attire, including a heavily embellished sari, headpiece, and jewelry typical for South Asian weddings. She has makeup done, which often includes elaborate eye makeup known as kohl, and her hair styled in a manner consistent with traditional South Asian wedding hairstyles.

In the background, there are decorated trees and lights, which could indicate an indoor setting designed to resemble an outdoor garden. These elements suggest"
pk_couple (1).jpg,pk couple (1),Assumptions,"Based on this image, what can you infer about the people's lives, values, or traditions?","[INST]  
Based on this image, what can you infer about the people's lives, values, or traditions? [/INST] In the image provided, there are two individuals dressed in traditional South Asian attire. The man is wearing a sherwani with embroidery and a turban, which suggests that he may be attending a formal event such as a wedding ceremony. The woman is adorned in an elaborate outfit known as a lehenga saree, indicating she could be the bride or another important guest at the occasion. Both outfits are richly decorated with intricate patterns and embellishments, suggesting a high level of cultural significance to their appearance.

The setting appears to be indoors, likely within a banquet hall or a similarly grand venue designed for celebrations. There are decorative elements like flower garlands (mang poa) and floral arrangements around them, further emphasizing the importance of the event. This type of celebration typically involves family and friends coming together to honor and celebrate significant life events.

From these visual cues,"
pk_couple.jpg,pk couple,Open Description,Describe this image in detail.,"[INST]  
Describe this image in detail. [/INST] The image depicts a couple, likely of South Asian descent, dressed in traditional attire for what appears to be a wedding ceremony or celebration. Both individuals are standing close together and smiling at the camera. The woman is wearing a red bridal dress with intricate gold embroidery on the bodice and sleeves, which features patterns commonly associated with South Asian bridal wear. She also wears a matching headpiece adorned with flowers. Her makeup includes dark eye shadow and lipstick.

The man stands beside her, dressed in formal attire that includes a gray suit jacket, black pants, and a maroon shawl draped over his shoulder. He has facial hair and is wearing glasses. His turban matches the color scheme of the event, being predominantly purple and blue with additional decorative elements such as a flower pin.

They are surrounded by an indoor setting with elaborate floral arrangements and chandeliers. The ambiance suggests a"
pk_couple.jpg,pk couple,What's Happening,What is happening in this image?,"[INST]  
What is happening in this image? [/INST] In the image, there are two individuals dressed in traditional South Asian attire. The man on the left is wearing a sherwani, which is a long coat with embroidery and often worn for formal occasions or weddings. He also has a turban-like headpiece called an agal that matches his outfit. On the right, there's a woman wearing a saree, a garment commonly worn by women from India, Pakistan, Bangladesh, Sri Lanka, Malaysia, Singapore, and Indonesia. Her dress features intricate designs and what appears to be golden embroidery, suggesting it could be part of her wedding attire. They both seem to be at a formal event or celebration, possibly a wedding ceremony given their outfits. Both individuals have smiles on their faces, indicating they are happy and enjoying themselves during the occasion. "
pk_couple.jpg,pk couple,About the People,Tell me about the people in this image.,"[INST]  
Tell me about the people in this image. [/INST] In the image, there are two individuals dressed in traditional South Asian attire, likely a couple preparing for or attending a wedding ceremony. The person on the left is wearing a sherwani, which is a long coat-like garment that originated from Punjab and is commonly worn by men at weddings. It features intricate embroidery patterns along its borders and a high collar with buttons, suggesting it's an outfit designed to be formal and festive.

The individual on the right appears to be wearing bridal attire known as a lehenga choli, which consists of a puffy skirt (lehenga), a blouse (choli), and a dupatta (a type of veil). Her dress has detailed embroidery work, indicative of being part of her trousseau, typically associated with traditional Indian wedding outfits. Both individuals seem to be well-dressed and possibly excited or happy, as"
pk_couple.jpg,pk couple,Occasion/Event,What occasion or event is this?,"[INST]  
What occasion or event is this? [/INST] The couple in the image appears to be dressed for a formal or traditional wedding ceremony. They are wearing elaborate and colorful attire, which suggests that they may be celebrating their wedding day or participating in pre-wedding festivities such as a sangeet (a celebration where friends and family come together to celebrate the impending marriage of a bride and groom). The setting looks like it could be an outdoor venue with decorations that include floral arrangements and architectural elements designed to create a festive atmosphere typical of South Asian weddings. "
pk_couple.jpg,pk couple,Cultural Context,What can you tell me about the cultural context of this scene?,"[INST]  
What can you tell me about the cultural context of this scene? [/INST] The image shows a man and woman dressed in traditional South Asian attire, which suggests that they are partaking in a wedding ceremony. Both individuals appear to be wearing traditional outfits:

1. Man's Attire - He is wearing a ""sherwani,"" which is a long tunic with buttons down the front, often worn as formal wear for men at weddings or other special occasions in Indian culture. His outfit also includes a turban known as an ""agal"" and a matching hat. Additionally, he has a decorative element on his head, possibly a piece of jewelry like a maang tikka, which could indicate a specific role within the wedding party such as being the groom himself or playing another significant role.

2. Woman's Attire - She is dressed in what appears to be a bridal gown. Her dress features intricate embroidery and detailed patterns typical of South Asian bridal wear, suggesting it might"
pk_couple.jpg,pk couple,Assumptions,"Based on this image, what can you infer about the people's lives, values, or traditions?","[INST]  
Based on this image, what can you infer about the people's lives, values, or traditions? [/INST] In the image, we see two individuals dressed in traditional South Asian attire, which suggests that they are attending a wedding ceremony. The man is wearing a sherwani and turban, commonly associated with Sikh men during formal occasions such as weddings. This type of outfit reflects cultural heritage and adherence to tradition within the community.

The woman is dressed in a lehenga choli, which is a traditional garment for women at Indian weddings. Her choice of clothing indicates respect for customs and possibly family traditions. Both their outfits are elaborate and well-coordinated, suggesting an emphasis on presentation and conforming to societal expectations regarding attire at such events.

The setting appears to be a luxurious indoor venue decorated with flowers and greenery, which could indicate a significant event or celebration. This might imply that both individuals come from families who value grandeur and social status in ceremonies. It also implies a strong connection to their culture"
west_couple (1).jpg,west couple (1),Open Description,Describe this image in detail.,"[INST]  
Describe this image in detail. [/INST] The image is a photograph capturing a moment during an outdoor wedding ceremony. In the foreground, there are two individuals who appear to be a bride and groom standing on a dirt path with trees around them. The man is wearing a light blue suit jacket over a white shirt with a bow tie, dark pants, and brown shoes; he has short hair and is smiling towards the camera. The woman is dressed in a traditional white bridal gown with lace details and a veil attached at her neckline, and she holds what appears to be a bouquet of flowers in one hand while resting her other arm on the man's shoulder. Both individuals are looking directly at the camera with smiles on their faces. There are no visible texts or distinctive brands within the frame that would provide additional context about the location or event. The style of the photograph suggests it may have been taken by a professional photographer specializing in wedding photography. "
west_couple (1).jpg,west couple (1),What's Happening,What is happening in this image?,"[INST]  
What is happening in this image? [/INST] In the image, we see a bride and groom posing for their wedding photos. They are standing on what appears to be a forest floor with trees around them, suggesting they might have chosen an outdoor setting or a park-like location for part of their wedding celebration. Both individuals are dressed in traditional Western attire, which often includes cowboy hats, boots, and jeans as part of the ensemble. The man is wearing a dark suit jacket over a light shirt, while the woman has a white bridal gown adorned with lace detailing. It's a beautiful moment capturing the joy and love of the couple on their special day. "
west_couple (1).jpg,west couple (1),About the People,Tell me about the people in this image.,"[INST]  
Tell me about the people in this image. [/INST] This is an image of a bride and groom on their wedding day, standing together outdoors with trees and greenery around them. The couple appears to be very happy; they are both smiling and seem relaxed and comfortable with each other. The bride is wearing a traditional white bridal gown with lace details, which suggests a classic or vintage style, while the groom is dressed formally in a suit with a tie that matches his bowtie. They are holding hands and looking directly at the camera, indicating that they might have just posed for these photographs as part of their wedding celebration. Both individuals are well-dressed for such an occasion, reflecting the importance of formal attire for weddings in many cultures. Their surroundings appear natural and serene, providing a beautiful backdrop for their photos. "
west_couple (1).jpg,west couple (1),Occasion/Event,What occasion or event is this?,"[INST]  
What occasion or event is this? [/INST] The image shows a couple dressed in traditional wedding attire, with the man wearing a cowboy hat and the woman in a white bridal gown. They are standing on what appears to be a natural setting like a forest clearing. This suggests that they have just gotten married, possibly at an outdoor wedding ceremony, which might have been held nearby. The setting indicates a more casual and rustic style of celebration, often associated with destination weddings, ranch weddings, or those who prefer a natural environment for their special day. "
west_couple (1).jpg,west couple (1),Cultural Context,What can you tell me about the cultural context of this scene?,"[INST]  
What can you tell me about the cultural context of this scene? [/INST] This image depicts a couple dressed in traditional Western attire, which is often associated with country and western themes. The man is wearing a cowboy hat and a button-up shirt that resembles a classic Western style. He has on blue jeans and black shoes. His outfit suggests that he might be participating in an event or ceremony where such clothing is appropriate, like a rodeo or a themed wedding.

The woman's dress appears to have a bridal design, complete with lace detailing and a long train, suggesting she may be attending her own wedding or another formal occasion. Her outfit complements the man's, creating a cohesive look that reflects their shared interest in this type of fashion.

In terms of cultural context, it seems they are embracing elements from the American West, specifically the styles that were popular during the late 19th and early 20th centuries when cowboys were a common sight. Their choice of"
west_couple (1).jpg,west couple (1),Assumptions,"Based on this image, what can you infer about the people's lives, values, or traditions?","[INST]  
Based on this image, what can you infer about the people's lives, values, or traditions? [/INST] In the image, we see a bride and groom posing for their wedding photos in an outdoor setting that appears to be a forested area. The couple is dressed traditionally with formal attire, which suggests they may have chosen a more rustic or natural theme for their wedding celebration. Their clothing choices indicate that they value dressing up for such occasions, adhering to traditional wedding attire.

The fact that they are outdoors could imply several things:
1. They might prefer a nature-themed wedding due to personal interests, environmental concerns, or simply because they enjoy the beauty of the great outdoors.
2. The choice of location might also reflect their cultural background if it includes customs associated with outdoor weddings. For example, some cultures perform ceremonies at specific times during the year, under certain celestial conditions, or within particular landscapes.
3. Alternatively, the couple might just appreciate the serenity and picturesque quality offered by a"
west_couple.jpg,west couple,Open Description,Describe this image in detail.,"[INST]  
Describe this image in detail. [/INST] This is a color photograph featuring two individuals, likely a bride and groom, standing together on what appears to be a forest floor covered with fallen pine needles. The couple is dressed formally for an outdoor wedding ceremony; the man wears a light gray suit with a white shirt and a bow tie, while the woman wears a traditional bridal gown that includes a long veil and a bouquet of flowers visible in her hand. Both are smiling at the camera, suggesting they are posing for their wedding photos. In the background, there are trees and shrubs typical of a wooded area. There are no texts or distinguishing marks visible within the image that provide additional context about the location or event. The lighting suggests it could either be late afternoon or early morning due to the soft shadows cast by the subjects onto the ground. "
west_couple.jpg,west couple,What's Happening,What is happening in this image?,"[INST]  
What is happening in this image? [/INST] In the image, there are two individuals dressed in wedding attire. The person on the left appears to be a male wearing a suit with a bow tie and cowboy hat, suggesting that he might have been part of a western-themed or country-style wedding ceremony. On the right, we see a female who seems to be wearing a white bridal gown, which is typical for weddings, indicating she may be the bride. They both seem to be standing together on what looks like a wooded area during daylight hours, possibly after their wedding ceremony or before heading to an event venue. Their expressions suggest they are happy and enjoying the moment captured in the photograph. "
west_couple.jpg,west couple,About the People,Tell me about the people in this image.,"[INST]  
Tell me about the people in this image. [/INST] In the image, there are two individuals who appear to be a bride and groom celebrating their wedding. The couple is standing outdoors on what looks like a natural or semi-natural setting with trees around them. The man, presumably the groom, is wearing a light blue suit with a white cowboy hat and has a beard. He's also holding flowers that could potentially be part of his boutonniere or decoration for the ceremony. The woman, likely the bride, is dressed in an elegant white bridal gown with lace details and a veil. She's smiling at the camera, indicating a joyful moment during their special day. Both individuals seem happy and are posing together for photographs. The background suggests they may have chosen a rustic or wooded theme for their wedding celebration. "
west_couple.jpg,west couple,Occasion/Event,What occasion or event is this?,"[INST]  
What occasion or event is this? [/INST] This image depicts a couple, likely newlyweds, dressed in traditional wedding attire. The man is wearing a suit with a cowboy hat and the woman is in a white bridal gown. They are standing outdoors on what appears to be a dirt path surrounded by trees, suggesting that they may have chosen an unconventional location for their photos, possibly indicating a rustic or outdoor-themed wedding. "
west_couple.jpg,west couple,Cultural Context,What can you tell me about the cultural context of this scene?,"[INST]  
What can you tell me about the cultural context of this scene? [/INST] The image depicts a couple dressed in traditional Western attire, which suggests that they are participating in a wedding ceremony with a rustic or country theme. This type of setting is often associated with rural or cowboy culture, where elements such as wooden structures, pine trees, and open fields might be incorporated into the celebration to evoke a sense of nature and simplicity.

The groom is wearing a classic white hat (often referred to as a cowboy hat), paired with a formal suit jacket and pants. The bride's outfit includes a long, flowing white dress that could be described as elegant yet suitable for an outdoor event. Both individuals have smiles on their faces, indicating joy and happiness during what appears to be a memorable moment.

Such a themed wedding may appeal to couples who enjoy the outdoors, the charm of old-timey Western life, or simply wish to create a unique atmosphere for their special day. It reflects a fusion of modern romance with a"
west_couple.jpg,west couple,Assumptions,"Based on this image, what can you infer about the people's lives, values, or traditions?","[INST]  
Based on this image, what can you infer about the people's lives, values, or traditions? [/INST] In the image, we see a couple dressed in traditional Western attire. The man is wearing a cowboy hat and vest, which suggests that they might be from a region where such clothing is part of everyday life or cultural heritage. The woman's dress has an elegant design with lace details, indicating that she may have chosen to wear something more formal for her wedding day. This choice could reflect both personal style and adherence to wedding traditions.

The setting appears to be outdoors, possibly in a forested area, which adds to the natural beauty of their celebration. It also implies that they value spending time outside and perhaps appreciate nature as part of their love story or wish to incorporate it into their special day.

Additionally, the couple seems to share a joyful moment together, smiling at each other during their portrait session. Their happiness conveys a sense of contentment and mutual affection. They are posing close together, suggesting intimacy and a strong bond"
